id,username,password,role,logged_in,email,registration_date
1,johndoe,password123,user,False,johndoe@gmail.com,2024-05-08
2,janedoe,mysecurepwd,user,False,janedoe@hotmail.com,2024-05-10
3,alicej,alicepass,user,False,alicej@yahoo.com,2024-05-09
4,bobsmith,secure123,user,False,bobsmith@gmail.com,2024-05-12
5,mike89,mikepass,user,False,mike89@gmail.com,2024-05-07
6,charlie,charlie123,user,True,charlie@gmail.com,2024-05-13
7,dianaw,dianapass,user,False,dianaw@gmail.com,2024-05-09
8,frankf,frankpass,user,False,frankf@gmail.com,2024-05-10
9,samuel,sampass,user,False,samuel@gmail.com,2024-05-14
10,kateb,katepass,user,True,kateb@hotmail.com,2024-05-07
11,peterp,peterpass,user,False,peterp@gmail.com,2024-05-11
12,emilyc,emilypass,user,True,emilyc@yahoo.com,2024-05-12
13,markj,markpass,user,False,markj@gmail.com,2024-05-10
14,lisar,lisapass,user,False,lisar@gmail.com,2024-05-08
15,jamesk,jamespass,user,True,jamesk@hotmail.com,2024-05-13
16,annaw,annapass,user,False,annaw@gmail.com,2024-05-07
17,robertm,robertpass,user,False,robertm@yahoo.com,2024-05-09
18,davidg,davidpass,user,True,davidg@gmail.com,2024-05-10
19,sophia,sophiapass,user,False,sophia@hotmail.com,2024-05-08
20,jasonb,jasonpass,user,False,jasonb@yahoo.com,2024-05-13
21,isabeld,isabelpass,user,True,isabeld@gmail.com,2024-05-12
22,thomasj,thomaspass,user,False,thomasj@gmail.com,2024-05-11
23,gracem,gracepass,user,False,gracem@hotmail.com,2024-05-07
24,benjamink,benpass,user,True,benjamink@gmail.com,2024-05-09
25,oliverb,oliverpass,user,False,oliverb@yahoo.com,2024-05-10
26,julieb,juliepass,user,True,julieb@gmail.com,2024-05-11
27,henrym,henrypass,user,True,henrym@gmail.com,2024-05-13
28,emmac,emmapass,user,False,emmac@hotmail.com,2024-05-08
29,alexr,alexpass,user,True,alexr@yahoo.com,2024-05-12
30,lucasl,lucaspass,user,False,lucasl@gmail.com,2024-05-10
31,victorh,victorpass,user,False,victorh@gmail.com,2024-05-14
32,scarlett,scarpass,user,True,scarlett@hotmail.com,2024-05-13
33,elizabeth,elpass,user,False,elizabeth@yahoo.com,2024-05-09
34,danielp,danielpass,user,False,danielp@gmail.com,2024-05-11
35,harryk,harrypass,user,True,harryk@gmail.com,2024-05-12
36,oliviam,oliviapass,user,False,oliviam@hotmail.com,2024-05-07
37,nathanj,nathanpass,user,False,nathanj@yahoo.com,2024-05-10
38,sarahw,sarahpass,user,True,sarahw@gmail.com,2024-05-09
39,matthewd,mattpass,user,False,matthewd@gmail.com,2024-05-13
40,nicolek,nicolepass,user,False,nicolek@yahoo.com,2024-05-11
41,chrisb,chrispass,user,True,chrisb@hotmail.com,2024-05-12
42,paulh,paulpass,user,False,paulh@gmail.com,2024-05-14
43,karenm,karenpass,user,False,karenm@gmail.com,2024-05-08
44,juliag,juliapass,user,True,juliag@gmail.com,2024-05-09
45,tomr,tompass,user,True,tomr@gmail.com,2024-05-07
46,adminjohn,adminpass1,admin,True,adminjohn@gmail.com,2024-05-08
47,admindave,admin1234,admin,False,admindave@hotmail.com,2024-05-11
48,adminlisa,lisaadmin,admin,False,adminlisa@yahoo.com,2024-05-13
49,adminmaria,mariaadmin,admin,False,adminmaria@gmail.com,2024-05-09
50,adminlucas,lucaspass,admin,True,adminlucas@gmail.com,2024-05-10
